jobId,executionId,jobName,startedTick,finishedTick,ticks,startedAt,finishedAt,startLateBy,resourceUsage
77b0617a-db0d-4026-8880-56fdae036af6,b042575c-d4a2-4b91-920d-5617c860ae21,Job 02,22,37,15,2024-04-29T07:57:00.049Z,2024-04-29T07:57:30.003Z,0,3
f136b48b-5aed-44e4-a311-f47be35ea863,06407cfd-5d39-4335-9b60-2d93fe342b3c,Job 03,22,37,15,2024-04-29T07:57:00.051Z,2024-04-29T07:57:30.021Z,0,3
7fcd5864-7387-4718-8539-3570600adcfc,42e7ce91-92f6-452a-a8ea-6e60409d7e9f,Job 07,22,37,15,2024-04-29T07:57:00.061Z,2024-04-29T07:57:30.033Z,0,10
e9465e63-a4d2-4e6d-a5bd-f58dc201d515,8345fbd9-ba5c-4793-a011-417246f93d68,Job 14,22,37,15,2024-04-29T07:57:00.079Z,2024-04-29T07:57:30.040Z,0,5
1121a860-505b-485f-9c45-03e195be0b8a,f0320d97-7dcd-49c4-995d-15d4a202427d,Job 15,22,37,15,2024-04-29T07:57:00.081Z,2024-04-29T07:57:30.044Z,0,5
ada88d66-5d35-4079-be25-a2143b5a7d43,5efb1a2f-e33b-4d5f-acdc-f27a7d6cc92a,Job 17,22,37,15,2024-04-29T07:57:00.086Z,2024-04-29T07:57:30.049Z,0,5
785c0c10-4636-4956-ae7f-b73dc5002ab5,5d55d1db-d4c1-41cf-8095-f090ab9fa81d,Job 18,22,37,15,2024-04-29T07:57:00.089Z,2024-04-29T07:57:30.053Z,0,5
d3645869-524b-489f-9ddf-5aa5ba35dc1d,4a23b232-ee1a-40a5-b5f7-89032adf1b2d,Job 19,22,37,15,2024-04-29T07:57:00.091Z,2024-04-29T07:57:30.057Z,0,5
e848df37-a636-4321-b5aa-e6e119d114c1,f7e25534-cf73-478b-b656-ce0a6908296e,Job 20,22,37,15,2024-04-29T07:57:00.094Z,2024-04-29T07:57:30.060Z,0,10
7bc37983-7e9b-4827-ba71-637049161521,41882d3d-bc33-4697-8b7a-294b00be1202,Job 04,22,38,16,2024-04-29T07:57:00.054Z,2024-04-29T07:57:32.002Z,0,5
f5784b0a-c22a-4784-82f6-e6fca6116e4d,6c6d49ea-aea2-42dc-abaa-27488a7c7121,Job 08,22,38,16,2024-04-29T07:57:00.064Z,2024-04-29T07:57:32.013Z,0,10
68670588-b968-4f66-8a8d-5847474894de,0fa72567-6a37-40b5-bed1-888a7de8da6d,Job 09,22,38,16,2024-04-29T07:57:00.066Z,2024-04-29T07:57:32.025Z,0,10
9c165a93-075e-46ae-b803-3c608eb7d6cb,8f2a71ce-bd15-4988-a905-d0a7aa363809,Job 10,22,38,16,2024-04-29T07:57:00.069Z,2024-04-29T07:57:32.034Z,0,3
59d75654-d567-4e1a-940b-169cb91f3963,3ae0cd57-179c-4168-812f-7b9fb80aa5e5,Job 13,22,38,16,2024-04-29T07:57:00.076Z,2024-04-29T07:57:32.040Z,0,5
e2f20a44-6685-4fd4-9c18-a756d344a217,f116235e-4644-4355-b0be-b5d4d3c4a2e2,Job 16,22,38,16,2024-04-29T07:57:00.084Z,2024-04-29T07:57:32.043Z,0,3
4a1f1ebb-d8ec-4c46-9451-c87386e0e18e,a7019733-4ad8-407d-ae5d-73010060f362,Job 05,22,39,17,2024-04-29T07:57:00.057Z,2024-04-29T07:57:34.002Z,0,5
505b3c82-e0ba-4c37-ab51-07ba72dffe6a,431cba86-66de-4e39-95e9-85207299343f,Job 12,22,39,17,2024-04-29T07:57:00.074Z,2024-04-29T07:57:34.013Z,0,10
354a2756-cf47-4ee0-82f6-9be8840a07e4,a3c4dac0-d3fd-4f0f-9157-7e0a5bc79af0,Job 01,22,41,19,2024-04-29T07:57:00.046Z,2024-04-29T07:57:38.004Z,0,3
ee3be400-ca17-44b6-8c5c-7ba92bfd388f,79744e88-c018-407f-b226-1337743728a5,Job 06,22,50,28,2024-04-29T07:57:00.059Z,2024-04-29T07:57:56.003Z,0,5
56dd1720-167d-4788-b2fd-34bfac8f32d8,3ffcb61e-567b-4a5c-9455-0ca249ed594b,Job 11,22,52,30,2024-04-29T07:57:00.071Z,2024-04-29T07:58:00.002Z,0,5
